time,Cache:adminBytes,Cache:cacheTotalBytes,Cache:dataAdminBytes,Cache:dataBytes,Cache:lockBytes,Cache:nBINDeltasFetchMiss,Cache:nBINsFetch,Cache:nBINsFetchMiss,Cache:nBINsFetchMissRatio,Cache:nBinDeltaBlindOps,Cache:nBytesEvictedCACHEMODE,Cache:nBytesEvictedCRITICAL,Cache:nBytesEvictedDAEMON,Cache:nBytesEvictedEVICTORTHREAD,Cache:nBytesEvictedMANUAL,Cache:nCachedBINDeltas,Cache:nCachedBINs,Cache:nCachedUpperINs,Cache:nEvictionRuns,Cache:nFullBINsMiss,Cache:nINCompactKey,Cache:nINNoTarget,Cache:nINSparseTarget,Cache:nLNsEvicted,Cache:nLNsFetch,Cache:nLNsFetchMiss,Cache:nNodesEvicted,Cache:nNodesMovedToDirtyLRU,Cache:nNodesMutated,Cache:nNodesPutBack,Cache:nNodesSkipped,Cache:nNodesStripped,Cache:nNodesTargeted,Cache:nRootNodesEvicted,Cache:nSharedCacheEnvironments,Cache:nThreadUnavailable,Cache:nUpperINsFetch,Cache:nUpperINsFetchMiss,Cache:sharedCacheTotalBytes,Checkpoints:lastCheckpointEnd,Checkpoints:lastCheckpointId,Checkpoints:lastCheckpointInterval,Checkpoints:lastCheckpointStart,Checkpoints:nCheckpoints,Checkpoints:nDeltaINFlush,Checkpoints:nFullBINFlush,Checkpoints:nFullINFlush,Cleaning:cleanerBackLog,Cleaning:fileDeletionBacklog,Cleaning:lastKnownUtilization,Cleaning:lnSizeCorrectionFactor,Cleaning:nBINDeltasCleaned,Cleaning:nBINDeltasDead,Cleaning:nBINDeltasMigrated,Cleaning:nBINDeltasObsolete,Cleaning:nCleanerDeletions,Cleaning:nCleanerEntriesRead,Cleaning:nCleanerProbeRuns,Cleaning:nCleanerRuns,Cleaning:nClusterLNsProcessed,Cleaning:nINsCleaned,Cleaning:nINsDead,Cleaning:nINsMigrated,Cleaning:nINsObsolete,Cleaning:nLNQueueHits,Cleaning:nLNsCleaned,Cleaning:nLNsDead,Cleaning:nLNsLocked,Cleaning:nLNsMarked,Cleaning:nLNsMigrated,Cleaning:nLNsObsolete,Cleaning:nMarkLNsProcessed,Cleaning:nPendingLNsLocked,Cleaning:nPendingLNsProcessed,Cleaning:nRepeatIteratorReads,Cleaning:nToBeCleanedLNsProcessed,Cleaning:pendingLNQueueSize,Cleaning:totalLogSize,Environment:btreeRelatchesRequired,Environment:environmentCreationTime,I/O:bufferBytes,I/O:endOfLog,I/O:nBytesReadFromWriteQueue,I/O:nBytesWrittenFromWriteQueue,I/O:nCacheMiss,I/O:nFSyncRequests,I/O:nFSyncTime,I/O:nFSyncs,I/O:nFileOpens,I/O:nGroupCommitRequests,I/O:nGroupCommitWaits,I/O:nGrpCommitTimeouts,I/O:nLogBuffers,I/O:nLogFSyncs,I/O:nLogIntervalExceeded,I/O:nLogMaxGroupCommitThreshold,I/O:nNoFreeBuffer,I/O:nNotResident,I/O:nOpenFiles,I/O:nRandomReadBytes,I/O:nRandomReads,I/O:nRandomWriteBytes,I/O:nRandomWrites,I/O:nReadsFromWriteQueue,I/O:nRepeatFaultReads,I/O:nSequentialReadBytes,I/O:nSequentialReads,I/O:nSequentialWriteBytes,I/O:nSequentialWrites,I/O:nTempBufferWrites,I/O:nWriteQueueOverflow,I/O:nWriteQueueOverflowFailures,I/O:nWritesFromWriteQueue,Jvm:PS MarkSweep.count,Jvm:PS MarkSweep.time,Jvm:PS Scavenge.count,Jvm:PS Scavenge.time,Jvm:heap,Jvm:loadAverage,Locks:nLatchAcquireNoWaitUnsuccessful,Locks:nLatchAcquiresNoWaitSuccessful,Locks:nLatchAcquiresNoWaiters,Locks:nLatchAcquiresSelfOwned,Locks:nLatchAcquiresWithContention,Locks:nLatchReleases,Locks:nRequests,Locks:nWaits,Node Compression:cursorsBins,Node Compression:dbClosedBins,Node Compression:inCompQueueSize,Node Compression:nonEmptyBins,Node Compression:processedBins,Node Compression:splitBins,Op:cursorDelete,Op:cursorGetCurrent,Op:cursorGetFirst,Op:cursorGetLast,Op:cursorGetNext,Op:cursorGetNextDup,Op:cursorGetNextNoDup,Op:cursorGetPrev,Op:cursorGetPrevDup,Op:cursorGetPrevNoDup,Op:cursorPut,Op:cursorPutCurrent,Op:cursorPutNoDupData,Op:cursorPutNoOverwrite,Op:dbDelete,Op:dbGet,Op:dbGetSearchBoth,Op:dbPut,Op:dbPutNoDupData,Op:dbPutNoOverWrite,Op:dbRemoveSequence,Op:dosCursorGetNext,Op:nBinDeltaDeleteOps,Op:nBinDeltaGetOps,Op:nBinDeltaInsertOps,Op:nBinDeltaUpdateOps,Op:secondaryCursorDelete,Op:secondaryCursorGetCurrent,Op:secondaryCursorGetFirst,Op:secondaryCursorGetLast,Op:secondaryCursorGetNext,Op:secondaryCursorGetNextDup,Op:secondaryCursorGetNextNoDup,Op:secondaryCursorGetPrev,Op:secondaryCursorGetPrevDup,Op:secondaryCursorGetPrevNoDup,Op:secondaryDbDelete,Op:secondaryDbGet,Op:secondaryDbGetSearchBoth
2015-10-25 01:45:09.013 UTC,109,3157213,720,11280,96,0,3,0,0.0,0,0,0,0,0,0,0,3,3,0,0,0,1,5,0,0,0,0,0,0,0,0,0,0,0,0,0,0,0,0,945,1,369,369,1,0,2,4,0,0,46,NaN,0,0,0,0,0,0,0,0,0,0,0,0,0,0,0,0,0,0,0,0,0,0,0,0,0,0,0,0,1445737509001,3145728,0,0,0,0,3,5,2,4,3,0,0,3,3,0,0,0,0,0,0,0,38,1,0,0,6144,3,1091,3,0,0,0,0,0,0,11,61,227071048,1,0,0,0,0,0,0,6,0,0,0,0,0,0,0,0,0,0,0,0,0,0,0,0,0,0,0,0,0,0,0,0,0,0,0,0,0,0,0,0,0,0,0,0,0,0,0,0,0,0,0,0,0,0
2015-10-25 01:45:09.040 UTC,109,3167717,800,21880,0,0,0,0,0.0,0,0,0,0,0,0,0,4,4,0,0,0,1,7,0,0,0,0,0,0,0,0,0,0,0,0,0,0,0,0,945,1,369,369,0,0,0,0,0,0,46,NaN,0,0,0,0,0,0,0,0,0,0,0,0,0,0,0,0,0,0,0,0,0,0,0,0,0,0,0,0,1445737509001,3145728,0,0,0,0,1,3,2,0,1,0,0,3,2,0,0,0,0,0,0,0,0,0,0,0,0,0,7507,1,0,0,0,0,0,0,0,0,234402808,1,0,0,0,0,0,0,1,0,0,0,0,0,0,0,0,0,0,0,0,0,0,0,0,0,0,0,0,0,0,1,0,1,0,0,0,0,0,0,0,0,0,0,0,0,0,0,0,0,0,0,0,0,0
2015-10-25 01:45:09.095 UTC,109,3168445,800,22472,136,0,18,4,0.22222222,0,0,0,0,0,0,0,4,4,2,0,2,1,7,0,14,6,0,0,0,0,0,0,0,0,0,0,0,0,0,9558,2,0,8691,0,0,0,0,0,0,86,NaN,0,0,0,0,0,0,0,0,0,0,0,0,0,0,0,0,0,0,0,0,0,0,0,0,0,0,0,0,1445737509067,3145728,0,0,0,16,0,0,0,3,0,0,0,3,0,0,0,0,16,1,2048,1,0,0,0,1,109787,27,0,0,0,0,0,0,0,0,11,61,244048784,1,0,0,0,0,0,0,13,0,0,0,0,0,0,0,0,0,0,0,0,0,0,0,0,0,0,0,0,0,0,2,0,0,0,0,0,0,0,0,0,0,0,0,0,0,0,0,0,0,0,0,0,0,0
2015-10-25 01:45:09.118 UTC,573,3168893,920,22592,0,0,4,0,0.0,0,0,0,0,0,0,0,4,4,0,0,2,1,7,0,0,0,0,0,0,0,0,0,0,0,0,0,0,0,0,9558,2,0,8691,0,0,0,0,0,0,86,NaN,0,0,0,0,0,0,0,0,0,0,0,0,0,0,0,0,0,0,0,0,0,0,0,0,0,0,0,0,1445737509067,3145728,0,0,0,0,2,14,2,2,2,0,0,3,2,0,0,0,0,1,0,0,0,0,0,0,4096,2,8374,2,0,0,0,0,0,0,0,0,244048784,1,0,0,0,0,0,0,5,0,0,0,0,0,0,0,0,0,0,0,0,0,0,0,0,0,0,0,0,0,0,0,0,1,0,0,0,0,0,0,0,0,0,0,0,0,0,0,0,0,0,0,0,0,0
